Mean,Median,Standard Deviation,Minimum,Maximum,Count (0-40),Count (40-50),Count (50-60),Total Results,Research Question
0.399214191,0.3646336,0.08482506189442658,0.3281823,0.5204674,245,0,3,248,How extensive is the ScanQA dataset in terms of size and variety?
0.43410921300000005,0.42754197,0.14965821028276005,0.27631852,0.6319645,242,3,0,248,"Give an overview of the ScanQA dataset, including the number of question-answer pairs and the number of indoor scenes."
0.48910027500000003,0.464589955,0.03573742072935356,0.45725393,0.53739864,217,27,4,248,Explain the process of learning a fused descriptor from 3D object proposals and encoded sentence embeddings.
0.477897588,0.4870207,0.032234664165704134,0.42502382,0.52103865,228,16,4,248,How does the ScanQA model learn a fused descriptor?
0.38646185600000005,0.33785173,0.1122964393329382,0.29016885,0.54673094,245,0,3,248,What type of data was collected for the ScanQA dataset? Provide details about the human-edited question-answer pairs and the nature of the free-form answers.
0.6069890600000001,0.604450575,0.015582521603436175,0.5811036,0.6375556,143,44,55,248,How do large language models (LLMs) compare with traditional embedding models in capturing semantic similarity between research questions and abstracts?
0.544722585,0.52776986,0.0440998504855352,0.5071333,0.6460309,179,50,17,248,How does domain-specific training affect the performance of semantic similarity models when applied to different datasets?
0.546741841,0.536814425,0.03142100650893088,0.52143735,0.6198425,208,26,13,248,How does model interpretability influence the adoption of semantic similarity techniques in academic and industrial settings?
0.5521842459999999,0.539110625,0.029734067616308483,0.52847165,0.60417473,186,46,15,248,How does the inclusion of contextual information improve the performance of embedding models in determining semantic similarity?
0.5664729430000001,0.55240524,0.032077497746657246,0.54906577,0.65432775,183,48,16,248,How does the scale and quality of training data impact the performance of different semantic similarity models?
0.594393514,0.590869015,0.02633106098185065,0.5688664,0.65832424,183,41,21,248,"What are the best practices for evaluating semantic similarity models, and how do these practices vary across different application domains?"
0.549309898,0.5442448550000001,0.025348989778639135,0.52954704,0.61846906,157,62,28,248,What are the challenges and limitations of using large language models for semantic similarity in low-resource or specialized domains?
0.57722743,0.56976892,0.025469916110786243,0.5563705,0.6437895,155,61,31,248,What are the implications of fine-tuning pre-trained models on specific datasets for improving semantic similarity?
0.5675903339999999,0.5564104999999999,0.024404962852001222,0.5532843,0.6315694,140,68,39,248,What are the most effective hybrid approaches for combining large language models and embedding models to enhance semantic similarity detection?
0.577718111,0.58434165,0.03009748593536767,0.5306455,0.6386001,206,27,14,248,"What role do similarity functions play in the accuracy of semantic similarity models, and which functions are most effective across diverse datasets?"
0.5752011399999999,0.573495415,0.00935111464891515,0.56240636,0.5906994,175,15,58,248,"How does the incorporation of domain-specific knowledge (e.g., neuroanatomy) into AI models improve the classification accuracy for Alzheimer's disease?"
0.649775704,0.6365136,0.03468814288982884,0.62606853,0.73129725,176,4,53,248,How does the integration of ensemble learning methods enhance the accuracy and reliability of Alzheimer's disease prediction models using brain imaging data?
0.66002718,0.65243383,0.02208821352327021,0.63630134,0.6904855,176,3,47,248,How does the integration of multiple models enhance the accuracy and reliability of prediction results for Alzheimer's disease classification?
0.6567723539999999,0.64446135,0.028967707143993705,0.62363154,0.6943974,173,8,52,248,"How does the use of multimodal data (e.g., combining MRI and PET scans) affect the performance and reliability of AI models in Alzheimer's disease diagnosis?"
0.7135929150000001,0.71283925,0.020449272670236825,0.6863232,0.7414216,163,18,36,248,How does transfer learning from pre-trained models on large-scale image datasets impact the performance of Alzheimer's disease classification models?
0.604433247,0.6033829,0.012870537465634064,0.59022033,0.6232856,174,11,57,248,What are the challenges and solutions in deploying AI models for real-time Alzheimer's disease diagnosis in clinical settings?
0.659476274,0.6600714999999999,0.023777180535165893,0.6364901,0.7000442,170,18,42,248,"What are the optimal hyperparameters for Alzheimer's disease classification using transfer learning models, and how do they affect model performance?"
0.654920905,0.6571089999999999,0.021779709175493916,0.62815917,0.68946904,178,14,38,248,What are the optimal hyperparameters for the classification of Alzheimer's disease using transfer learning models?
0.59111107,0.5890782,0.00919692834604758,0.5765899,0.6120278,177,9,61,248,What are the performance differences observed in the models before and after applying specific improvements for Alzheimer's disease classification?
0.63197411,0.6330911,0.012546434381767576,0.61545545,0.6578341,175,10,37,248,What is the most effective configuration or combination of layers that can be added to a model to enhance its performance for image classification problems for Alzheimer's disease classification?
0.6639663010000001,0.6574212,0.013503975121595731,0.65173066,0.6843468,163,15,26,248,What performance improvements are observed in deep learning models for Alzheimer's disease classification after applying advanced preprocessing techniques and hyperparameter tuning?
0.618711204,0.61359507,0.018089929602070644,0.6025539,0.6523417,167,12,57,248,"What role do different preprocessing techniques (e.g., data augmentation, normalization) play in enhancing the performance of deep learning models for Alzheimer's disease classification?"
0.6554432400000001,0.659392,0.01107235623792573,0.63927203,0.6658698,174,12,27,248,Which combination of convolutional neural network layers and configurations leads to the most significant improvement in the accuracy of Alzheimer's disease classification models?
0.644350306,0.6419983,0.013757030950621557,0.6243931,0.6659379,173,12,37,248,Which model demonstrates the highest efficiency and accuracy in handling a large volume of brain images for Alzheimer's disease classification?
0.556543699,0.54799865,0.02908344533170276,0.51978356,0.62484264,202,28,17,248,How can RAG systems be utilized to enhance the process of automatically updating and maintaining knowledge graphs with the latest information?
0.477609143,0.47636533,0.012527784736708725,0.4591405,0.49787125,215,33,0,248,What methodologies can be developed to validate and verify the accuracy of information retrieved by RAG systems before it is used to update knowledge graphs?
0.5935128900000001,0.60447615,0.022244352581870186,0.5619332,0.6193493,199,15,28,248,How can LLMs be utilized to discover and correct incorrect information in existing knowledge graphs?
0.6094782679999999,0.6182631,0.018636400912572387,0.58483547,0.6269291,189,22,31,248,How can LLMs facilitate the linking of disparate pieces of information in knowledge graphs to enhance their connectivity and coherence?
0.612167741,0.611694245,0.03320864068451745,0.5552329,0.64993024,201,17,24,248,How can the integration of LLMs with KGs improve the overall knowledge management and discovery process?
0.6334901049999999,0.62900885,0.008509253953113817,0.62721485,0.6464365,173,29,32,248,How do different LLM architectures and models compare in their effectiveness for updating knowledge graphs?
